epoch,step,validation_discriminator_loss,validation_generator_loss
0,1,1.3760584592819214,0.5383464694023132
1,3,1.3246207237243652,0.43665647506713867
2,5,1.35261869430542,0.41865602135658264
3,7,1.3695728778839111,0.4459910988807678
