epoch,step,train_discriminator_loss,train_generator_loss
0,49,0.3440617620944977,0.5290924310684204
0,99,0.41732147336006165,0.5866414308547974
0,149,0.5037885904312134,0.38735997676849365
